No,URL Video,Tanggal Upload,Jumlah Likes,Jumlah Komentar,Hashtags,Caption,Menampilkan Orang,Jenis Kelamin,Asumsi Umur,Tone Video,Tema Video,Elemen Visual ,Musik Latar,Tipe Kreator,Target Audiens,Bahasa,Deskripsi Isi Video
1,https://www.tiktok.com/@bobbyidaofficial/video/7359543011283389702?is_from_webapp=1&sender_device=pc&web_id=7429994003526977031,19 April 2024,26 ribu,274,#gula #kesehatan #hidupsehat #sehat #olahraga #edukasi #tipsdiet #turunberatbadan #indonesia #bakarlemak #nutrisi #gizi,"Setiap Konten omongin Gula terusğŸ™„ emang Gula sebahaya apaâ“You Need to Know Thisâ€¼ï¸ Beberapa Fakta yang kamu harus paham terlebih dahuluâœ”ï¸ â–ªï¸Karbonhidrat/Gula satu satunya makronutrisi yang tidak esensial artinya kamu bisa hidup tanpa karbonhidrat / gula seperti orang yang menjalankan carnivor diet tapi ini bukan berarti kamu harus lakukak ituâœ”ï¸ â–ªï¸Semua karbonhidrat yang kamu konsumsi mau dari nasi,kentang, ubi atau mie akan di ubah oleh tubuh menjadi Glukosa alias Gula sehingga Gula Pasir sama sekali tidak di perlukan oleh tubuhâ€¼ï¸ â–ªï¸Sering kali orang takut kalau tidak konsumsi Gula bisa mengalami Gula darah rendah. Ini salah satu fenomena yang hanya ada di Indonesia, kalian tidak akan dengar hal ini di luar negriâ—ï¸Pertama Hypoglycemia biasanya adalah gejala orang diabetesâ—ï¸Kedua kenapa kebanyakan dari kalian merasa tiba-tiba ngantuk atau lemah adalah akibat dari pola makan yg kurang baik contohnya kalau kalian konsumsi banyak karbonhidrat sederhana dalam bentuk gula seperti minuman manis. Level Gula darah akan naik secara cepat lalu badan kalian keluarkan hormon insulin supaya gula bisa di serap oleh sel sel. Kenaikan Gula darah yang cepat ini dan crash yang turun secara cepat bisa mengakibatkan rasa fatigue,ngantuk atau rasa lemah. Solusinya bukan gula tapi memperbaiki pola makan beda dengan orang yang menderita Diabetes yang emang perlu Gula dalam kasus seperti iniâ€¼ï¸ Beda juga kalau kalian kecapean habis hiking contohnya dan perlu gula supaya badan tidak drop tapi ini kasus kasus specialâ€¼ï¸ âš ï¸Alasan kenapa saya menghimbau untuk menghindari Gula Pasir adalah Fakta ada begitu banyak makanan dan minuman yang mengandung gula tanpa kalian sadarâš ï¸ Seperti kecap asin,saus tiram,sambal, cemilan, kebanyakan minuman dan makanan resto juga sering di tambahkan gula untuk menambah rasanyaâš ï¸ sehingga kalian tidak sadar berapa banyak gula yang kalian konsumsi per hariâš ï¸",1,2,4,1,"[1,2,3]","1,2",4,1,3,1,Gula adalah makro nutrisi yang tidak esensial sehingga sebenarnya manusia bisa hidup tanpa gula tambahan. Gula juga berisiko kepada hypoglycameia
2,https://www.tiktok.com/@felix.zulhendri/video/7275505630750821633?is_from_webapp=1&sender_device=pc&web_id=7429994003526977031,6 September 2023,9482,365,Tidak ada,gua makan 30-50% buah utuh (bukan jus) dan sayur.,1,2,4,2,1,"1,3",1,1,2,1,"Felix Zulhendri mengemukakan berdasarkan artikel penelitian terkait risiko gula berlebih terhadap serangan jantung, demensia, dan depresi. Beliau juga memberikan alternatif berupa produk stevia sebagai pengganti gula."
3,https://www.tiktok.com/@intapanno/video/7288163484481768709?is_from_webapp=1&sender_device=pc&web_id=7429994003526977031,10 Oktober 2023,361,5,#intapanno #drcahyono #gulapasir,Tidak ada,1,2,3,1,1,1,1,3,3,1,Dokter Cahyono menjelaskan bahwa gula berbahaya karena adanya proses raffinasi yang menyebabkan oksidasi naik di tubuh kita.
4,https://www.tiktok.com/@fariskhaeruman/video/7418865683414387975?is_from_webapp=1&sender_device=pc&web_id=7429994003526977031,26 September 2024,465,10,#fakesituationâš ï¸ #education #educationpurposeâš ï¸ #gula #berbahaya #kesehatan #hidupsehat #diabetes #obesitas,Gula lebih berbahaya dari r*k*k?,1,3,4,1,1,1,4,1,3,1,"Faris menjelaskan bahwa gula memiliki 2 mata pisau di mana sisi pertama memberi dampak positif karena menghasilkan dopamin yang meningkatkan fokus sedangkan sisi kedua memberi efek buruk jika dikonsumsi berlebihan. Efek ini, yaitu resistensi insulin yang mengakibatkan diabetes dan juga peradangan kronis. "
5,https://www.tiktok.com/@cherrylhatumesen/video/7428187475316706566?is_from_webapp=1&sender_device=pc&web_id=7429994003526977031,21 Oktober 2024,12.2 ribu,628,#fyp #sahabatbicara #health #gula #penyakitjantung #kolesterol,"INDUSTRI GULA PERNAH BAYAR ILMUWAN BUAT NUTUPIN BAHAYA GULA!? Sahabat, hingga saat ini yang kita tau penyebab penyakit jantung adalah kolesterol. Namun ternyata gula merupakan penyebab terbesar penyakit jantung. Yuk simak penjelasannya dari @dr. Frenos , M.Biomed!",1,2,4,2,4,1,2,3,1,1,Dokter Frenos menjelaskan bahwa penyebab penyakit jantung sesungguhnya adalah gula bukan kolesterol. Kabar hoaks tersebut berasal dari sebuah perusahaan gula yang membayar ilmuawan untuk menyebarkannya.Gula menyebabkan inflamasi yang menganggu jalannya aliran darah yang membawa kolesterol. Gangguan ini membuat jalannya kolesterol terhambat sehingga mengakibatkan penyakit jantung.
6,https://www.tiktok.com/@kanginfo36/video/7398094946042924294?is_from_webapp=1&sender_device=pc&web_id=7429994003526977031,1 Agustus 2024,23.4 ribu,639,#diabetes #dm #gula #penyakit,Diabetes penyakit mengerikan berbahaya yg saat ini sangat mudah menjakiti orang-orang karena kebiasaan hidup dan konsumsi gula yg berlebih,1,3,4,4,3,"[1,3,4]",1,2,3,1,Ciri-ciri diabetes di usia muda
7,https://www.tiktok.com/@geraldvincentt/video/7427086201250942213?is_from_webapp=1&sender_device=pc&web_id=7429994003526977031,18 Oktober 2024,164.5 ribu,384,#YAVA #HappyHealth #GulaLontar #enakDANsehat,Makan yang manis-manis BAHAYA buat tubuh? Kalo gulanya GulaRamah sih aman dan sehat! Kayak Granola dari YAVA!,0,0,0,1,"1,3","1,3",1,2,3,1,Gerald Vincent menjelaskan bahwa gula dari pemanis buatan bisa menyebabkan diabetes. Ia menjelaskan bahwa terdapat beberapa pengganti salah satunya gula lontar yang terkandung dalam produk granola dari Yava
8,https://www.tiktok.com/@diansnni/video/7310641048324164870?is_from_webapp=1&sender_device=pc&web_id=7429994003526977031,10 Desember 2023,26.2 ribu ,274,#kanker #bahayagula #gulapasir #bahayagula #jsrdiabet,"banyak penelitian telah menunjukkan dampak negatif dari asupan gula berlebih terhadap kesehatan. Berbagai penelitian ini juga telah merekomendasikan pembatasan asupan gula. buat kamu yang suka manis, pelan-pelan yuk kurangin gula.",1,2,4,"1,2",1,"1,4",1,2,3,1,"Penjelasan bahwa sel kanker senang dengan gula karena membuat tubuh dalam keadaan asam. Oleh karena itu, sugar detox dilakukan supaya sel kanker hilang."
9,https://www.tiktok.com/@bn.sigma/video/7196943408944975130?is_from_webapp=1&sender_device=pc&web_id=7429994003526977031,6 Februari 2023,1652,90,#polahidupsehat #gymtok #fyp #horror #horrortok,fakta mengerikan tentang gula,1,2,5,1,1,1,4,1,3,1,Penjelasan bahwa gula dapat menyebabkan kecanduan
10,https://www.tiktok.com/@hijabin_aja/video/7342326213345561862?is_from_webapp=1&sender_device=pc&web_id=7429994003526977031,4 Maret 2024,4455,61,#drhans #diabetes,Tidak ada,1,2,4,1,1,1,2,1,3,2,Dokter Hans menjelaskan bahwa kebanyakan gula dapat menyebabkan pembuluh darah yang mengakibatkan komplikasi.
11,https://www.tiktok.com/@doctorabs/video/7114513118876798254?is_from_webapp=1&sender_device=pc&web_id=7429994003526977031,29 Juni 2022,386,5,#sugar #addedsugar #hormones #heartdisease #fattyliverdisease #health #wellness #lifestyle #StJudeDadPhotos #ItsGreatOutdoors #AmazonMusicProudHeroes #MakeNightsEpic #CatchChobaniOatmilk,Dangers of Added Sugars,1,2,5,2,1,1,1,1,3,2,Dokter Abs memberikan daftar risiko penyakit disebabkan oleh gula
12,https://www.tiktok.com/@fitnhappy777/video/7429757791105027350?is_from_webapp=1&sender_device=pc&web_id=7429994003526977031,25 Oktober 2024,60,5,#health #body #healthy #life #healthylifestyle #food #science #sugar #fy #fyp,"The renowned chemist Raymond Francis, talking about what sugar does to our body!",1,3,4,2,1,"[1,3,4]",1,3,3,2,Raymond Francis menjelaskan bahwa gula adalah salah satu hal berbahaya yang dikonsumsi oleh manusia karena dapat berisiko terhadap kesehatan
13,https://www.tiktok.com/@magazineprime/video/7285723767056190725?is_from_webapp=1&sender_device=pc&web_id=7429994003526977031,3 Oktober 2023,46,2,#SugarEffects #CutTheSugar #SugarAwareness #HealthMatters #SugarDetox #primeishealth #prime_is #primemagsg #PrimeVideo #singapore #health #badeffects #badeffectsofsugar #deadlysugar #culpritsugar #negativeimpact #silentculprit #sugartemptation #harmfulbenefits #reducesugar #ReduceSugarIntake,Sugar's Sneaky Side: How It Can Negatively Impact Your Well-being! ğŸ•µï¸â€â™€ï¸ğŸ° Explore the not-so-sweet side of sugar! ğŸš«,1,2,3,1,3,"1,4",4,3,1,1,"Gula dapat menyebabkan percepatan penuaan kulit, mengurangi kemampuan mengingat dan belajar, merusak keseimbangan bakteri dalam usus, merusak indra perasa, merusak retina dan berisiko katarak."
14,https://www.tiktok.com/@kopinangkautiktok/video/7160689439612669211?is_from_webapp=1&sender_device=pc&web_id=7429994003526977031,31 Oktober 2022,7,0,#bahayagula #gula #pelupa #lesssugar #bedaitukeren #fyp #fypã‚·,yuk yuk jangan minum boba terus kwkwkw,1,2,4,1,1,1,4,1,3,2,Madu sebagai pengganti gula karena memiliki berbagai manfaat
15,https://www.tiktok.com/@drjeremylondon/video/7389611687986433323?is_from_webapp=1&sender_device=pc&web_id=7429994003526977031,9 Juli 2024,2183,64,#doctor #medstudent #surgeon #hearthealth #heartdoctor #fypãƒ„,Why excess sugar is so bad for your heart,1,1,4,3,2,1,4,1,3,2,"Gula berlebih menyebabkan resistensi insulin, mengurangi kadar HDL yang berperan sebagai pembersih kolesterol berlebih, dan penyebab peradangan "
16,https://www.tiktok.com/@steven/video/7232360813258935579?is_from_webapp=1&sender_device=pc&web_id=7429994003526977031,13 Mei 2023,2819,9,#glucose #glucosespikes #healthtok #healthyliving #stevenbartlett #diaryofaceo,Let's talk about GLUCOSE,1,1,4,1,2,1,4,1,3,2,"Kadar gula darah yang tidak stabil berefek kepada kondisi kesehatan mental pembicara. Ia mengatakan bahwa saat melihat hasil tes kadar gula darahnya, ia menyadari bahwa saat gula darahnya sedang tinggi itu bertepatan dengan kondisi kesehatan mentalnya yang sedang memburuk."
17,https://www.tiktok.com/@thewellnesswaywoodbury/video/7242463695735967019?is_from_webapp=1&sender_device=pc&web_id=7429994003526977031,9 Juni 2023,71,5,#anxiety #mentalhealth #mentalhealthawareness #sugar #sugaraddiction,Did you know sugar could be one reason why you have anxiety??,1,2,4,1,1,"[1,3,4]",1,1,1,1,Penjelasan bahwa peningkatan konsumsi gula dapat meningkatkan kecemasan dan menurunkan produksi dopamin yang berakibat pada kesehatan mental.
18,https://www.tiktok.com/@pwfitid/video/7350971800156785925?is_from_webapp=1&sender_device=pc&web_id=7430104795870135825,27 Maret 2024,286.2 Ribu,1573,#fyp,Berat badan susah turunnya? Muka chubby berminyak? Luka dan jerawat susah sembuh? Apa aja tanda kalo tubuh kebanyakan gula?,1,2,4,1,"[1,3]","[1,2,4]",1,2,3,1,Gula berlebih dapat menyebabkan produksi minyak pada tubuh. Gula berlebih juga dapat membuat wajah kering dan berjerawat. Gula berlebih juga mengurangi kemampuan penyerapan vitamin c d tubuh sehingga gusi gampang berdarah. Terakhir gula berlebih dapat membuat berat badan susah turun.
19,https://vt.tiktok.com/ZSjEoJvb6/,18 Oktober 2024,16.1 Ribu,192,#doktertirta #tipskesehatan #kesehatan #gula #infomenarik #fyp #viral,Secukupnya aja der.yt/celloszxz.#doktertirta #tipskesehatan #kesehatan #gula #infomenarik #fyp #viral,0,0,0,1,1,"[1,3,4]",4,1,3,2,Penjelasan bahwa ada 5 bahaya yang bisa timbul dari memakan banyak gula; 1. Fluid Retention; 2. Blood Pressure; 3. Nerve Pain ; 4. Advanced Aging ; 5. Alzheimer Disease
20,https://www.tiktok.com/@rtnaturalremedies/video/7325386984380255521?is_from_webapp=1&sender_device=pc&web_id=7430104795870135825,18 Januari 2024,6554,9,#sugar #dangersofsugar #glucose #bloodsugar #sugarrisks #inflammation #health #nutrition #ryantaylornaturalremedies,5 Dangers Of Eating Too Much Sugar #sugar #dangersofsugar #glucose #bloodsugar #sugarrisks #inflammation #health #nutrition #ryantaylornaturalremedies,1,2,4,1,1,"[1,3,4]",1,1,3,2,Penjelasan bahwa ada 5 bahaya yang bisa timbul dari memakan banyak gula; 1. Fluid Retention; 2. Blood Pressure; 3. Nerve Pain ; 4. Advanced Aging ; 5. Alzheimer Disease
21,https://www.tiktok.com/@doctortim.md/video/7213366359340682542?is_from_webapp=1&sender_device=pc&web_id=7430104795870135825,22 Maret 2023,536,8,#healthnews #artificialsweeteners #nutrition #fypã‚· #fy,"Erythritol is a sugar alcohol, similar to sorbitol, which is used as an artificial sweetener. It is found not only in many keto or low-carb products, but also in natural foods such as fruits (grapes, peaches, watermelon, etc.) and fermented foods. A study was done suggesting that it is associated with an increased risk for heart attacks, stroke and death. Although the results sound alarming, more studies are needed to make strong recommendations. To date, there are no randomized controlled trials that evaluate the long-term effects of artificial sweeteners, making it hard to assess their overall safety. With that said, these results suggest a correlation that should give people pause when ingesting erythritol. I plan to avoid foods that have added erythritol until we get more information, but wonâ€™t be avoiding natural foods such as fruits/vegetables for the purpose of avoiding erythritol. Medical Sources ğŸ“š https://www.cnn.com/2023/02/27/health/zero-calorie-sweetener-heart-attack-stroke-wellness/index.html ğŸ“š https://pubmed.ncbi.nlm.nih.gov/36849732/ Comment below with foods that have erythritol! Follow me to live a healthier life! #healthnews #artificialsweeteners #nutrition #fypã‚· #fy",1,1,5,1,1,1,4,1,3,2,"Video ini membahas penelitian yang mengaitkan erythritol dengan risiko serangan jantung dan stroke. Meskipun hasilnya mengejutkan, lebih banyak penelitian diperlukan. Pembuat video akan menghindari produk dengan erythritol tambahan, namun tetap mengonsumsi buah dan sayuran alami."
22,https://www.tiktok.com/@healthylivingclips/video/7315534775521971486?is_from_webapp=1&sender_device=pc&web_id=7430104795870135825,23 Desember 2023,4210,49,#barbaraoneill #naturalhealing #sugar #mineraldeficiency #minerals,"Sweet Poison. Pure, White, & Deadly. Barbara Oâ€™Neill discussed the dangers of sugar. #barbaraoneill #naturalhealing #sugar #mineraldeficiency #minerals",0,0,0,2,1,"[1,3]",1,3,3,2,"Video ini mengangkat bahaya gula, yang disebut sebagai ""Sweet Poison"" atau ""Murni, Putih, dan Mematikan"" oleh Barbara O'Neill. Ia membahas bagaimana konsumsi gula berlebihan dapat menyebabkan defisiensi mineral dan masalah kesehatan lainnya."
23,https://www.tiktok.com/@nutrareign/video/7433199609087921438?is_from_webapp=1&sender_device=pc&web_id=7430104795870135825,4 November 2024,12,0,#healthtips #health #sugar #skincaretips #viralvideo #foreveryoung,The Everyday Drug Thatâ€™s Killing You! #healthtips #health #sugar #skincaretips #viralvideo #foreveryoung,1,1,4,1,1,"[1,3,4]",4,2,3,2,"Video ini membahas tentang ""obat sehari-hari"" yang merusak kesehatan, yaitu gula. Ditekankan bahwa konsumsi gula berlebihan dapat berdampak buruk pada tubuh, termasuk kulit, dan mempercepat proses penuaan."
24,https://www.tiktok.com/@drjinmeegraham/video/7440583257718132010?is_from_webapp=1&sender_device=pc&web_id=7430104795870135825,24 November 2024,10,0,#SugarAndMentalHealth #MentalHealthAwareness #ProcessedSugar #SugarImpact #MindBodyConnection #SugarFreeJourney,Research Links Processed Sugar to Mental Health Risks Watch the full video on my YT channel: â¡ï¸ DrJinmeeGraham. #SugarAndMentalHealth #MentalHealthAwareness #ProcessedSugar #SugarImpact #MindBodyConnection #SugarFreeJourney,1,1,4,1,1,"[1,3,4]",1,1,3,2,Video ini membahas penelitian yang menghubungkan konsumsi gula olahan dengan risiko masalah kesehatan mental. Dr. Jinmee Graham menjelaskan dampak gula terhadap kesejahteraan mental dan pentingnya mengurangi konsumsi gula untuk mendukung kesehatan pikiran dan tubuh.
25,https://www.tiktok.com/@midwestexpressclinic/video/7294351630579830062?is_from_webapp=1&sender_device=pc&web_id=7430104795870135825,27 Oktober 2024,51,1,#uti #didyouknow #womenshealth #health #midwestexpressclinic,"Did you know that high blood sugars can increase your risk of UTIs? If you have a UTI, itâ€™s best to avoid sugary foods and drinks! #uti #didyouknow #womenshealth #health #midwestexpressclinic",1,2,4,3,1,"[1,3,4]",1,1,3,1,"Video ini mengungkapkan bahwa kadar gula darah tinggi dapat meningkatkan risiko infeksi saluran kemih (UTI). Jika Anda mengalami UTI, disarankan untuk menghindari makanan dan minuman manis demi mempercepat pemulihan."
26,https://www.tiktok.com/@felix.zulhendri/video/7283342360556096770?is_from_webapp=1&sender_device=pc&web_id=7430104795870135825,27 Oktober 2023,22.6 Ribu,742,-,hidden sugar,1,2,5,1,1,"[1,3,4]",1,1,3,1,"Video ini membahas tentang ""gula tersembunyi,"" yaitu gula yang terdapat dalam makanan dan minuman yang mungkin tidak kita sadari, seperti saus, makanan olahan, atau camilan. Ditekankan pentingnya untuk lebih teliti dalam membaca label produk agar bisa menghindari konsumsi gula berlebihan."
27,https://www.tiktok.com/@sereallambung/video/7338614855420660997?is_from_webapp=1&sender_device=pc&web_id=7430104795870135825,23 Februari 2024,142.5 Ribu,5620,#drcahyono #gulapasir,HINDARI GULA PASIR #drcahyono #gulapasir,1,2,4,3,1,"[1,3,4]",4,1,3,1,"Video ini mengingatkan untuk menghindari konsumsi gula pasir, yang dapat berisiko bagi kesehatan. Ditekankan pentingnya mengganti gula pasir dengan alternatif yang lebih sehat untuk menjaga tubuh tetap bugar."
28,https://www.tiktok.com/@felix.zulhendri/video/7310388447032773890?is_from_webapp=1&sender_device=pc&web_id=7430104795870135825,9 Desember 2023,13.3 Ribu,392,#felixzulhendriphd,gula dan penyakit jantung #felixzulhendriphd,1,2,5,3,1,"[1,3,4]",4,1,3,1,Video ini membahas hubungan antara konsumsi gula dan peningkatan risiko penyakit jantung. Dr. Felix Zulhendri menjelaskan bagaimana gula berlebihan dapat mempengaruhi kesehatan jantung dan pentingnya mengontrol asupan gula untuk mencegah penyakit jantung.
29,https://www.tiktok.com/@kampoengsehatholistik/video/7246386530095336705?is_from_webapp=1&sender_device=pc&web_id=7430104795870135825,19 Juni 2023,179.2 Ribu,5577,#msg #micin #bumbu #bumbudapur #gulapasir #gula #gulaputih #kesehatan #informasi #edukasi #dokter #dokcay #ksh #doktercahyo #majapahit #majapahitsuite #majapahitsuites #health #masakan #makanan,#msg #micin #bumbu #bumbudapur #gulapasir #gula #gulaputih #kesehatan #informasi #edukasi #dokter #dokcay #ksh #doktercahyo #majapahit #majapahitsuite #majapahitsuites #health #masakan #makanan,1,2,4,1,2,"[1,3,4]",4,2,3,1,"Video ini membahas tentang bahaya konsumsi micin, gula pasir, dan gula putih dalam bumbu dapur yang sering digunakan dalam masakan. Ditekankan pentingnya memperhatikan asupan bahan-bahan tersebut untuk menjaga kesehatan tubuh. Dokter Cahyo memberikan informasi edukatif terkait dampak bahan tersebut terhadap kesehatan."
30,https://www.tiktok.com/@parismuhammad_/video/7439749464354606392?is_from_webapp=1&sender_device=pc&web_id=7430104795870135825,21 Novermber 2024,260 Ribu,1157,#doktertirta #tipskesehatan #kesehatan #gula #infomenarik #fyp #viral,Bukan dikopi tapi digula.yt/sport77.#doktertirta #tipskesehatan #kesehatan #gula #infomenarik #fyp #viral,0,0,0,1,1,"[1,3]",1,2,3,1,"Video ini mengajak untuk berhati-hati dengan konsumsi gula, bukan hanya sekadar mengikuti tren atau kebiasaan. Dokter Tirta memberikan tips kesehatan tentang bagaimana gula memengaruhi tubuh dan pentingnya membatasi asupannya untuk kesehatan jangka panjang."
31,https://www.tiktok.com/@minumrempahindonesia/video/7265685615784561926?is_from_webapp=1&sender_device=pc&web_id=7430104795870135825,10 Agustus 2023,7359,228,#bahayagulapasir #bahayagulaberlebih #pemanisalami #kurangigulaberlebihan #kurangigula,"Ternyata ini alasan konsumi gula berlebih itu gak baik! Mulai sekarang, ganti yuk dengan pemanis alamiâ˜•ï¸ #bahayagulapasir #bahayagulaberlebih #pemanisalami #kurangigulaberlebihan #kurangigula",1,2,4,3,1,"[1,3]",4,1,3,1,"Video ini menjelaskan mengapa konsumsi gula berlebihan itu berbahaya bagi kesehatan. Ditekankan untuk mulai mengganti gula dengan pemanis alami sebagai alternatif yang lebih sehat, guna mengurangi risiko masalah kesehatan terkait gula berlebih."
32,https://www.tiktok.com/@felix.zulhendri/video/7267772645779770625?is_from_webapp=1&sender_device=pc&web_id=7430104795870135825,16 Agustus 2023,128.8 Ribu,2682,-,sugar-sweetened beverages,1,3,4,1,1,1,4,1,3,1,"Video ini membahas tentang bahaya minuman manis yang mengandung gula tambahan (sugar-sweetened beverages). Ditekankan bahwa konsumsi minuman ini secara berlebihan dapat berdampak buruk bagi kesehatan, seperti peningkatan risiko diabetes dan obesitas."
33,https://www.tiktok.com/@reydwap/video/7440758360388963639?is_from_webapp=1&sender_device=pc&web_id=7430104795870135825,24 November 2024,130,2,#gula @sorotan#publik @semua @sorotan,"HIndari gula berlebihan. selain berbahaya untuk kesehatan, gula berlebihan penyebab banyak penyakit kronis tanpa disadari. Banyak sekali orang beranggapan menkonsumsi gula jg membuat mood menjadi lebih baik, membuat perasaan lebih tenang. Ternyata kandungan gula menjadi salah satu hal yang harus diperhatikan sekali. ""Gula itu ternyata membuat kita semakin overthinking karena gula itu signifikan meningkatkan kortisol dan menurunkan dopamin, jadi kita tu bisa semakin overthinking"" Ujar dr frenos di youtube hatumesan. Namun tubuh juga kita percayai jangan sampai kekurangan gula, karena juga bisa membuat tubuh semakin drop. ""Makanya gula itu apalagi ke anak anak di anjurin kurangin banget ya"" tambah hatumesan di podcast nya. Konsumsi gula jangan terlalu berlebihan untuk tubuh kita, dipantau sejak dari anak anak hingga kita yang sudah dewasa, menghindari lebih baik daripada kita harus mengobati. #gula @sorotan#publik @semua @sorotan",1,1,5,2,1,"[1,3]",4,1,3,1,"Video ini mengingatkan untuk menghindari konsumsi gula berlebihan, yang dapat menyebabkan berbagai penyakit kronis tanpa disadari. Dr. Frenos menjelaskan bahwa gula dapat meningkatkan kortisol dan menurunkan dopamin, yang berisiko memperburuk mood dan memicu overthinking. Ditekankan pula bahwa meskipun gula penting untuk tubuh, konsumsinya harus seimbang, terutama untuk anak-anak, agar tidak menimbulkan masalah kesehatan jangka panjang."
34,https://www.tiktok.com/@vcoindonesia/video/7225950127918189850?is_from_webapp=1&sender_device=pc&web_id=7430104795870135825,25 Maret 2023,7173,532,#bahayagula #bahayagulaberlebih #bahayagulapasir #vcomengatasiketergantungangula #vcomembantudariketergantungangula,Hindari pemakaian gula. #bahayagula #bahayagulaberlebih #bahayagulapasir #vcomengatasiketergantungangula #vcomembantudariketergantungangula,1,2,4,3,1,"[1,3,4]",1,2,3,1,"Video ini mengingatkan untuk menghindari penggunaan gula, tepung, dan beras putih secara berlebihan, karena dapat berisiko menimbulkan ketergantungan dan berbagai masalah kesehatan. Ditekankan pentingnya membatasi konsumsi bahan-bahan tersebut untuk mencegah dampak buruk pada tubuh."
35,https://www.tiktok.com/@zonasehat_id/video/7430805915445546245?is_from_webapp=1&sender_device=pc&web_id=7430104795870135825,28 Oktober 2024,148,2,#hidupsehat #sehatselalu #podcast #drtirta #pwkpodcast #prazteguh #kesehatan #gayahidupsehat,Minuman manis berbahaya!! Credit: Dr Tirta & Pwk Podcast #hidupsehat #sehatselalu #podcast #drtirta #pwkpodcast #prazteguh #kesehatan #gayahidupsehat,1,2,4,3,1,"[1,3]",4,1,3,1,"Video ini mengungkapkan bahaya minuman manis bagi kesehatan. Dr. Tirta dan Praz Teguh di PWK Podcast membahas dampak buruk konsumsi minuman manis, seperti peningkatan risiko penyakit diabetes dan obesitas, serta pentingnya mengganti minuman manis dengan pilihan yang lebih sehat untuk gaya hidup yang lebih baik."
36,https://www.tiktok.com/@felix.zulhendri/video/7237329801688665346?is_from_webapp=1&sender_device=pc&web_id=7430104795870135825,26 Mei 2023,3494,188,#gula #karbo #diabetes #food #nutrition,gula/karbo berlebih = diabetes?#gula #karbo #diabetes #food #nutrition,1,2,4,1,1,[4],4,1,3,1,"Video ini menjelaskan hubungan antara konsumsi gula dan karbohidrat berlebihan dengan risiko diabetes. Ditekankan bahwa asupan gula dan karbohidrat yang tinggi dapat menyebabkan lonjakan kadar gula darah, yang berpotensi memicu diabetes tipe 2 jika tidak dikendalikan."
37,https://www.tiktok.com/@zonakesehatan.id/video/7396988396226252040?q=%23diabates&t=1734049859258,29 Juli 2024,356.4 Ribu,3218, #penyakitdiabetes #penyebabdiabetes #informasikesehatan,Apakah anda tahu penyebab penyakit diabetes..? Yuk kita belajar dari beliaunya.,1,2,4,1,1,"[1,3,4]",4,1,3,1,"Video ini menjelaskan mengenai risiko gula berlebihan yang menyebabkan insulin resisten, akan mempengaruhi gula darah dan diperkuat dengan adanya penelitian dan jurnal "
38,https://vt.tiktok.com/ZSjo7p51K/,6 Desember 2024,24500,220,#fyp #olahragatiktok #sepakbola #timnas,Ternyata ini bahaya konsumsi gula.,1,2,4,3,1,1,4,2,3,1,Video ini menceritakan pengalaman seseorang makan gula saat perut kosong sebagai trik restoran untuk pengunjungnya
39,https://www.tiktok.com/@serenity_indonesia/video/7312285054581869830?q=bahay%20gula&t=1734049416632,14 Desember 2023,140,24,#diabetes #diabetesawereness #informasikesehatan,"Mau nanti tua gak sakit sakitan? Tonton Video ini!! . Efek dari konsumsi gula itu bahayanya bukan main, gak cuma bisa ngakibatin 1 penyakit aja, namun ini bisa menjadi komplikasi yang sangat serius! maka pentingnya untuk kamu, mengetahui apa saja yang akan terjadi jika kamu terlalu banyak mengkonsumsi gula.. Simak pada video ini!! referensi: Komplikasi Diabetes Melitus Bisa Menyerang Mata Hingga Ujung Kaki, Di akses 2023, www.alodokter.com",0,0,0,1,1,"[1,2,3,4]",1,3,3,1,Video menjelaskan mengenai efek dari konsumsi gula berlebihan dan menginfluence untuk mengurangi konsumsi gula
40,https://www.tiktok.com/@tirtacipeng/video/7320611827430214918?is_from_webapp=1&sender_device=pc&web_id=7446370530527135240,5 Januari 2024,13.1 Ribu,91,#fyp #edukasi #nasi #diabetes #drtirta #health #sehat #manis #dingin,Nasi putih dingin lebh direkomendasikan untuk penderita diabetes dibandingkan nasi panas? #doktertirta #fyp #edukasi #nasi #diabetes #drtirta #health #sehat #manis #dingin,1,2,4,1,3,"[1,3,4]",4,2,3,1,"Video ini menjelaskan mengenai kandungan gula pada nasi dingin dan nasi panas, dan memberikan rekomendasi untuk pengganti nasi untuk mencegah diabetes"
41,https://www.tiktok.com/@lesssaltdiet/video/7246373005599788294?q=%23gula&t=1734050352643,19 Juni 2023,2985,137,#Lesssaltdiet #Lesssalt #BetterFoodForBetterLife #dietsehat #diet #gula #diabetes #kanker #tipsdiet #hidupsehat #tipshidupsehat #weightloss #healthycateringjakarta #kateringdietjakarta,"Mengonsumsi gula tidak selalu berakhir buruk, kok! asalkan kita memilih gula yang aman dikonsumsi dan juga mengonsumsinya dengan in moderation. Jangan lupa juga kalau gula memiliki nama-nama yang sangat variatif sehingga Better People harus lebih berhati-hati dalam memilih jenis gula! ğŸ’š #Lesssaltdiet #Lesssalt #BetterFoodForBetterLife #dietsehat #diet #gula #diabetes #kanker #tipsdiet #hidupsehat #tipshidupsehat #weightloss #healthycateringjakarta #kateringdietjakarta",1,2,4,1,1,1,1,1,3,1,"Video ini menjelaskan mengenai nama nama gula yang ada, dan memberikan informasi mengenai gula mana yang baik dikonsumsi dan tidak baik di konsumsi"
42,https://www.tiktok.com/@bn.sigma/video/7196943408944975130?q=%23gula&t=1734050352643,6 Februari 2023,1652,90,#polahidupsehat #gymtok #fyp #horror #horrortok,fakta mengerikan tentang gula #polahidupsehat #gymtok #fyp #horror #horrortok,1,2,4,1,1,"[1,2,3,4]",1,2,3,1,Video ini menjelaskan mengenai fakta mengerikan mengenai konsumsi gula yang berlebihan dan efek kecanduannya bagi tubuh
43,https://www.tiktok.com/@biotek.farmasi/video/7326748959072881925?q=%23bahayagula&t=1734050696001,22 Januari 2024,270,4,#kanker #diabetes #gula #bahayagula,Apa hubungan Kanker denga Gula? Masa sih berhubungan? Yuk kita dengar penjelasan dari @dr.eddykristianto #kanker #diabetes #gula #bahayagula,1,2,4,1,1,"[1,3,4]",1,1,3,1,"Video ini menerangkan mengenai hubungan antara gula dan kanker, dan menjelaskan bagaimana gula bisa menimbulkan penyakit kanker"
44,https://www.tiktok.com/@goodtalk.id/video/7368840644682321158?q=%23bahayagula&t=1734050696001,14 Mei 2024,62,0,-,gula merembet ke kanker.,1,2,5,1,1,1,4,1,3,1,Video ini menerangkan bagaimana bahayanya gula bisa mempengaruhi kanker dan penyumbatan sel pada tubuh manusia
45,https://www.tiktok.com/@jiwa_project/video/7294137768479886598?q=%23bahayagula&t=1734050696001,26 Oktober 2023,167,1,#bahayagula #gula #sehattanpagula #mengurangigula,Bahaya gula untuk tubuh bila kita konsumsi dan tidak terpakai. #bahayagula #gula #sehattanpagula #mengurangigula,1,2,4,1,1,1,1,3,3,1,Video ini menjelaskan mengenai gula yang tidak dipakai ditubuh akan menjadi lemak dan akan menimbulkan banyak efek penyakit lainnya
46,https://www.tiktok.com/@keluarga.sehat.bahagia/video/7330104999491505413?q=%23bahayagula&t=1734050696001,31 Januari 2024,3724,82,#bahayagulapasir #gulapasir #edukasikesehatan #tipssehat #dragusrahmadi #drcahyono #dtfashionstore #sehatbahagia #terbaru #viral #CapCut,Bahaya Gula Pasir #bahayagulapasir #gulapasir #edukasikesehatan #tipssehat #dragusrahmadi #drcahyono #dtfashionstore #sehatbahagia #terbaru #viral #CapCut,1,2,4,1,1,4,4,1,3,1,Video ini menjelaskan bagaimana resiko untuk mengganti msg dengan gula pasir dan membandingkan indonesia dengan jepang yang negaranya sangat peduli dengan kesehatan
47,https://www.tiktok.com/@elv8.clinic/video/7444931072745426231?q=%23bahayagula&t=1734050696001,6 Desember 2024,66,4,#weightloss #weightlosstransformation #elv8 #elv8clinic #gula,Ternyata gula lebih bahaya daripada lemak!ğŸ¤” #weightloss #weightlosstransformation #elv8 #elv8clinic #gula,1,1,4,1,1,"[1,2,3,4]",1,1,3,1,Video ini menjelaskan bagaimana gula lebih berbahaya daripada lemak bagi tubuh manusia
48,https://www.tiktok.com/@bobbyidaofficial/video/7416667504019361029?q=%23bahayagula&t=1734050696001,20 September 2024,19.8 Ribu,190,#gula #hidupsehat #kesehatan #dietsehat #olahraga #edukasi #turunberatbadan #tipssehat #infosehat #tipskesehatan #infokesehatan #tipsdiet,Kamu pernah bertanya kenapa gula pasir begitu bahayaâ“Simpelnya saat kamu konsumsi makanan yg secara alami mengandung gula seperti pisang karena pisang tinggi serat kamu paling bisa makan 2-3 pisang dan kamu kenyang banget artinya ada rasa kenyang sehingga kamu sadar berapa banyak gula yang kamu konsumiâœ”ï¸Problemnya Gula pasir yg ada di dalam makanan atau minuman kemasan tidak terasa contohnya di video ini ada minuman dengan 40gram gula per botol secara kandungan gula ini mirip dengan sekitar 4pisang(berat pisang ~90gram)Tapi setelah kamu konsumsi minuman tersebut kamu sama sekali tidak merasa kenyang artinya kamu sama sekali tidak sadar berapa banyak gula yg kamu konsumsiâš ï¸â€¼ï¸ Sehingga kebanyakan orang meremehkan total jumlah yang di konsumsi per hariâ€¼ï¸ #gula #hidupsehat #kesehatan #dietsehat #olahraga #edukasi #turunberatbadan #tipssehat #infosehat #tipskesehatan #infokesehatan #tipsdiet,1,1,4,1,1,"[1,3,4]",1,2,3,1,Video ini memberikan edukasi perbandingan banyak gula yang ada dikandungan makanan/minuman kemasan dengan gula yang ada buah
49,https://www.tiktok.com/@gerryadrianw/video/7241775136028855558,7 Mei 2023,553,4,-,ğŸ˜± SAVE & SHARE ğŸ­ â€“ Efek buruk kebanyakan konsumsi gula yang tidak kamu duga!,1,1,4,1,"1,2","[1,3,4]",4,1,3,1,Video ini menjelaskan bagiamana efek efek yang ditimbulkan dari konsumsi gula yang berlebihan
50,https://www.tiktok.com/@selfcare_w_emka/video/7369316308258786593?is_from_webapp=1&sender_device=pc&web_id=7429994003526977031,16 Mei 2024,11.9 ribu,397,#sugar testosterone #healthylifestyle #youvsyou #longetivity #ayurveda #diet #diet #carbs #loseweight #foodforlife,-,1,3,4,2,1,1,1,1,3,2,Penjelasan bahwa semakin banyak mengonsumsi gula maka produksi testosteron akan menurun